region	country	division	location
Africa	Algeria	Blida	
Africa	Algeria	Boufarik	
Africa	Benin	Cotonou	
Africa	Benin	Oueme	
Africa	Burkina Faso	Burkina Faso	
Africa	Democratic Republic of the Congo	Democratic Republic of the Congo	
Africa	Democratic Republic of the Congo	Haut-Katanga	
Africa	Democratic Republic of the Congo	Kinshasa	
Africa	Democratic Republic of the Congo	Kongo Central	
Africa	Democratic Republic of the Congo	Sud Kivu	
Africa	Egypt	Cairo	
Africa	Egypt	Cairo	Al Matariyyah
Africa	Egypt	Egypt	
Africa	Egypt	Kalyoubia	
Africa	Egypt	Nile River Cruise	
Africa	France	France	
Africa	Gambia	Kombo	
Africa	Gambia	West Coast Region	
Africa	Ghana	Greater Accra	
Africa	Ghana	Greater Accra	Accra
Africa	Kenya	Kenya	
Africa	Mali	Bamako	
Africa	Mali	Mopti	
Africa	Morocco	Casablanca	
Africa	Morocco	Morocco	
Africa	Morocco	Ouarzazate	
Africa	Morocco	Rabat	
Africa	Niger	Niger	
Africa	Nigeria	Ekiti State	
Africa	Nigeria	Kwara State	
Africa	Nigeria	Lagos	
Africa	Nigeria	Nigeria	
Africa	Nigeria	Ogun State	
Africa	Nigeria	Ondo State	
Africa	Nigeria	Osun State	
Africa	Nigeria	Oyo State	
Africa	Senegal	Dakar	
Africa	Senegal	Dakar	Guediawaye
Africa	Senegal	Dakar	Keur Massar
Africa	Senegal	Dakar	Mbao
Africa	Senegal	Dakar	Sangalkam
Africa	Senegal	Dakar	Yeumbeul
Africa	Senegal	Kolda	
Africa	Senegal	Kolda	Velingara
Africa	Senegal	Mbour	
Africa	Senegal	St-Louis	
Africa	Senegal	Thies	
Africa	Senegal	Touba	
Africa	South Africa	Eastern Cape	
Africa	South Africa	Free State	
Africa	South Africa	Gauteng	
Africa	South Africa	KwaZulu-Natal	
Africa	South Africa	KwaZulu-Natal	Amajuba
Africa	South Africa	KwaZulu-Natal	Ugu
Africa	South Africa	KwaZulu-Natal	Zululand
Africa	South Africa	KwaZulu-Natal	eThekwini
Africa	South Africa	KwaZulu-Natal	iLembe
Africa	South Africa	KwaZulu-Natal	uMgungundlovu
Africa	South Africa	KwaZulu-Natal	uThukela
Africa	South Africa	Limpopo	
Africa	South Africa	Mpumalanga	
Africa	South Africa	North-West	
Africa	South Africa	South Africa	
Africa	South Africa	Western Cape Province	
Africa	South Africa	Western Cape Province	Cape Town Metro
Africa	Togo	Togo	
Africa	Tunisia	Ben Arous	
Africa	Tunisia	Bizerte	
Africa	Tunisia	Tunisia	
Africa	Uganda	Uganda	
Asia	Asia	Asia	
Asia	Bahrain	Bahrain	
Asia	Bahrain	Capital Governorate	
Asia	Bahrain	Capital Governorate	Manama
Asia	Bangladesh	Bagherhat	
Asia	Bangladesh	Bagherhat	Sador
Asia	Bangladesh	Bangladesh	
Asia	Bangladesh	Barishal	
Asia	Bangladesh	Barishal	
Asia	Bangladesh	Chattogram	
Asia	Bangladesh	Chattogram	Brahmanbaria
Asia	Bangladesh	Chattogram	Chandpur
Asia	Bangladesh	Chittagong	
Asia	Bangladesh	Dhaka	
Asia	Bangladesh	Dhaka	Agargaon
Asia	Bangladesh	Dhaka	Gulshan
Asia	Bangladesh	Dhaka	Jatrabari
Asia	Bangladesh	Dhaka	Kodomtoly
Asia	Bangladesh	Dhaka	Mirpur
Asia	Bangladesh	Dhaka	Mohammadpur
Asia	Bangladesh	Dhaka	Tejgaon
Asia	Bangladesh	Dhaka	Uttara
Asia	Bangladesh	Jhenaidha	
Asia	Bangladesh	Jhenaidha	Shailokupa
Asia	Bangladesh	Khulna	
Asia	Bangladesh	Khulna	Jashore
Asia	Bangladesh	Mirpur	
Asia	Bangladesh	Narail	
Asia	Bangladesh	Narail	Kalia
Asia	Bangladesh	Narayanganj	
Asia	Bangladesh	Rajshahi	
Asia	Bangladesh	Rajshahi	Pabna
Asia	Bangladesh	Rangpur	
Asia	Bangladesh	Sylhet	
Asia	Bangladesh	Sylhet	Habiganj
Asia	Bangladesh	Sylhet	Moulvibazar
Asia	Bangladesh	Tangail	
Asia	Brunei	Brunei	
Asia	Cambodia	Sihanoukville	
Asia	China	Anhui	
Asia	China	Anhui	Fuyang
Asia	China	Anhui	Hefei
Asia	China	Anhui	Suzhou
Asia	China	Beijing	
Asia	China	Beijing	Beijing
Asia	China	China	
Asia	China	Chongqing	
Asia	China	Chongqing	Yongchuan
Asia	China	Chongqing	Zhongxian
Asia	China	Fujian	
Asia	China	Guangdong	
Asia	China	Guangdong	Dongguan
Asia	China	Guangdong	Foshan
Asia	China	Guangdong	Guangzhou
Asia	China	Guangdong	Huizhou
Asia	China	Guangdong	Meizhou
Asia	China	Guangdong	Shantou
Asia	China	Guangdong	Shanwei
Asia	China	Guangdong	Shaoguan
Asia	China	Guangdong	Shenzhen
Asia	China	Guangdong	Yangjiang
Asia	China	Guangdong	Zhanjiang
Asia	China	Guangdong	Zhongshan
Asia	China	Guangdong	Zhuhai
Asia	China	Guangxi	
Asia	China	Heilongjiang	
Asia	China	Heilongjiang	Harbin
Asia	China	Henan	
Asia	China	Henan	Zhengzhou
Asia	China	Hubei	
Asia	China	Hubei	Jingzhou
Asia	China	Hubei	Tianmen
Asia	China	Hubei	Wuhan
Asia	China	Iran	
Asia	China	Jiangsu	
Asia	China	Jiangsu	Changzhou
Asia	China	Jiangsu	Huaian
Asia	China	Jiangxi	
Asia	China	Jiangxi	Fuzhou
Asia	China	Jiangxi	Ganzhou
Asia	China	Jiangxi	Jian
Asia	China	Jiangxi	Jiujiang
Asia	China	Jiangxi	Nanchang
Asia	China	Jiangxi	Pingxiang
Asia	China	Jiangxi	Shangrao
Asia	China	Jiangxi	Xinyu
Asia	China	Jiangxi	Yichun
Asia	China	Jiangxi	Yingtan
Asia	China	Shandong	
Asia	China	Shandong	Qingdao
Asia	China	Shanghai	
Asia	China	Sichuan	
Asia	China	Sichuan	Chengdu
Asia	China	Wuhan	
Asia	China	Yunnan	
Asia	China	Yunnan	Kunming
Asia	China	Yunnan	Pu'Er
Asia	China	Yunnan	Xishuangbanna
Asia	China	Zhejiang	
Asia	China	Zhejiang	Hangzhou
Asia	China	Zhejiang	Keqiao
Asia	China	Zhejiang	Lishui
Asia	China	Zhejiang	Shangyu
Asia	China	Zhejiang	Yuecheng
Asia	Georgia	Georgia	
Asia	Georgia	Tbilisi	
Asia	Hong Kong	Hong Kong	
Asia	Hong Kong	Hong Kong	Hong Kong
Asia	India	Andhra Pradesh	
Asia	India	Assam	
Asia	India	Bihar	
Asia	India	Delhi	
Asia	India	Gujarat	
Asia	India	Gujarat	Ahmedabad
Asia	India	Gujarat	Bardoli
Asia	India	Gujarat	Bayad
Asia	India	Gujarat	Bharuch
Asia	India	Gujarat	Bhuj
Asia	India	Gujarat	Botad
Asia	India	Gujarat	Choryasi
Asia	India	Gujarat	Chuda
Asia	India	Gujarat	Dahegam
Asia	India	Gujarat	Dahod
Asia	India	Gujarat	Dhanera
Asia	India	Gujarat	Dhansura
Asia	India	Gujarat	Gandhinagar
Asia	India	Gujarat	Gondal
Asia	India	Gujarat	Himatnagar
Asia	India	Gujarat	Jamnagar
Asia	India	Gujarat	Jetpur
Asia	India	Gujarat	Junagadh
Asia	India	Gujarat	Kadi
Asia	India	Gujarat	Kalol
Asia	India	Gujarat	Kapadvanj
Asia	India	Gujarat	Kheda
Asia	India	Gujarat	Khedbrahma
Asia	India	Gujarat	Kodinar
Asia	India	Gujarat	Mahemdavad
Asia	India	Gujarat	Mandvi
Asia	India	Gujarat	Mansa
Asia	India	Gujarat	Modasa
Asia	India	Gujarat	Nadiad
Asia	India	Gujarat	Olpad
Asia	India	Gujarat	Palanpur
Asia	India	Gujarat	Prantij
Asia	India	Gujarat	Rajkot
Asia	India	Gujarat	Savali
Asia	India	Gujarat	Savli
Asia	India	Gujarat	Surat
Asia	India	Gujarat	Talod
Asia	India	Gujarat	Una
Asia	India	Gujarat	Vadodara
Asia	India	Haryana	
Asia	India	India	
Asia	India	Jammu	
Asia	India	Kargil	
Asia	India	Karnataka	
Asia	India	Kerala	
Asia	India	Ladakh	
Asia	India	Madhya Pradesh	
Asia	India	Madhya Pradesh	Burhanpur
Asia	India	Madhya Pradesh	Mandsaur
Asia	India	Madhya Pradesh	Neemach
Asia	India	Madhya Pradesh	Ujjain
Asia	India	Maharashtra	
Asia	India	Mumbai	
Asia	India	Odisha	
Asia	India	Punjab	
Asia	India	Rajasthan	
Asia	India	Rajasthan	Bikaner
Asia	India	Rajasthan	Jaipur
Asia	India	Tamil Nadu	
Asia	India	Telangana	
Asia	India	Telangana	Hyderabad
Asia	India	Uttar Pradesh	
Asia	India	Uttar Pradesh	Lucknow
Asia	India	Uttar Pradesh	Noida
Asia	India	West Bengal	
Asia	India	West Bengal	Darjeeling
Asia	India	West Bengal	East Medinipur
Asia	India	West Bengal	Howrah
Asia	India	West Bengal	Kolkata
Asia	India	West Bengal	North 24 Parganas
Asia	India	West Bengal	South 24 Parganas
Asia	India	West Bengal	Tehatta
Asia	Indonesia	East Kalimantan	
Asia	Indonesia	East Kalimantan	Samarinda
Asia	Indonesia	Indonesia	
Asia	Indonesia	Jakarta	
Asia	Indonesia	North Sulawesi	
Asia	Indonesia	North Sulawesi	Manado
Asia	Indonesia	Pasuruan	
Asia	Indonesia	Surabaya	
Asia	Iran	Iran	
Asia	Iran	Semnan	
Asia	Iran	Tehran	
Asia	Israel	Ashdod	
Asia	Israel	Bat Yam	
Asia	Israel	Beit Shemesh	
Asia	Israel	Beni Brak	
Asia	Israel	Central District	
Asia	Israel	Central District	Kfar Saba
Asia	Israel	Elad	
Asia	Israel	Elkana	
Asia	Israel	Gani Tikva	
Asia	Israel	Gedera	
Asia	Israel	Haifa	
Asia	Israel	Holon	
Asia	Israel	Hukuk	
Asia	Israel	Israel	
Asia	Israel	Jerusalem District	
Asia	Israel	Kfar Habad	
Asia	Israel	Kfar Saba	
Asia	Israel	Kiryat Gat	
Asia	Israel	Kiryat Ono	
Asia	Israel	Maalot Tarshicha	
Asia	Israel	Netanya	
Asia	Israel	Netivot	
Asia	Israel	North District	
Asia	Israel	Pardesia	
Asia	Israel	Petah Tikva	
Asia	Israel	Raanana	
Asia	Israel	Ramat Gan	
Asia	Israel	Ramla	
Asia	Israel	Shoam	
Asia	Israel	South Coast District	
Asia	Israel	South District	
Asia	Israel	Tel Aviv District	
Asia	Israel	Tirat Zvi	
Asia	Israel	Tveria	
Asia	Israel	Yavne	
Asia	Israel	Yehud	
Asia	Israel	Zefat	
Asia	Japan	Aichi	
Asia	Japan	Aichi	Aichi
Asia	Japan	Chiba	
Asia	Japan	Chubu	
Asia	Japan	Chushikoku	
Asia	Japan	Diamond Princess	
Asia	Japan	Hokkaido	
Asia	Japan	Hokuriku	
Asia	Japan	Hokurikushinsyu	
Asia	Japan	Ishikawa	
Asia	Japan	Japan	
Asia	Japan	Kanagawa	
Asia	Japan	Kansai	
Asia	Japan	Kanto	
Asia	Japan	Kochi	
Asia	Japan	Kyoto	
Asia	Japan	Kyoto	Kyoto
Asia	Japan	Kyusyu	
Asia	Japan	Nagasaki	
Asia	Japan	Nara	
Asia	Japan	Osaka	
Asia	Japan	Saitama	
Asia	Japan	Tohoku	
Asia	Japan	Tokyo	
Asia	Japan	Tokyo	Tokyo
Asia	Jordan	Amman	
Asia	Jordan	Irbid	
Asia	Kazakhstan	Kazakhstan	
Asia	Kazakhstan	Nur-Sultan	
Asia	Kuwait	Kuwait	
Asia	Kuwait	Kuwait	Dasman
Asia	Kuwait	Kuwait	Hawali
Asia	Kyrgyzstan	Kyrgyzstan	
Asia	Lebanon	Beirut	
Asia	Malaysia	Kuala Lumpur	
Asia	Malaysia	Malaysia	
Asia	Malaysia	Pahang	
Asia	Malaysia	Selangor	
Asia	Mongolia	Mongolia	
Asia	Myanmar	Myanmar	
Asia	Nepal	Kathmandu	Kathmandu
Asia	Nepal	Nepal	
Asia	Oman	Buraimi	
Asia	Oman	Buraimi	Buraimi
Asia	Oman	Dakhiliyah	
Asia	Oman	Dakhiliyah	Bahla
Asia	Oman	Dakhiliyah	Manah
Asia	Oman	Dakhiliyah	Nizwa
Asia	Oman	Dakhiliyah	Samail
Asia	Oman	Dhahirah	
Asia	Oman	Dhahirah	Ibri
Asia	Oman	Muscat	
Asia	Oman	Muscat	Al Amrat
Asia	Oman	Muscat	As Seeb
Asia	Oman	Muscat	Bawshar
Asia	Oman	Muscat	Mutrah
Asia	Oman	Muscat	Qurayyat
Asia	Oman	North Batinah	
Asia	Oman	North Sharqiyah	
Asia	Oman	North Sharqiyah	Ibra
Asia	Oman	South Batinah	
Asia	Oman	South Batinah	Al Awabi
Asia	Oman	South Batinah	Ar Rustaq
Asia	Oman	South Batinah	Barka
Asia	Oman	South Batinah	Nakhal
Asia	Pakistan	Gilgit Baltistan	
Asia	Pakistan	Gilgit Baltistan	Gilgit
Asia	Pakistan	Islamabad	
Asia	Pakistan	Islamabad Capital Territory	
Asia	Pakistan	Karachi	
Asia	Pakistan	Khyber Pakhtunkhwa	
Asia	Pakistan	Rawalpindi	
Asia	Philippines	Manila	
Asia	Philippines	National Capital Region	
Asia	Philippines	Philippines	
Asia	Qatar	Doha	
Asia	Saudi Arabia	Jeddah	
Asia	Saudi Arabia	Madinah	
Asia	Saudi Arabia	Makkah	
Asia	Saudi Arabia	Riyadh	
Asia	Saudi Arabia	Saudi Arabia	
Asia	Singapore	Singapore	
Asia	Singapore	Singapore	Singapore
Asia	South Korea	Chungcheongnam	
Asia	South Korea	Chungcheongnam	Chungcheongnam
Asia	South Korea	Gyeonggi Province	
Asia	South Korea	Gyeonggi Province	Gyeonggi
Asia	South Korea	Gyeonggi Province	Uijeongbu
Asia	South Korea	Seoul	
Asia	South Korea	Seoul	Seoul
Asia	South Korea	South Korea	
Asia	South Korea	Uijeongbu	
Asia	Sri Lanka	Sri Lanka	
Asia	Taiwan	Keelung	
Asia	Taiwan	New Taipei City	
Asia	Taiwan	Taiwan	
Asia	Taiwan	Taiwan	Kaohsiung
Asia	Taiwan	Taiwan	Taipei
Asia	Taiwan	Taiwan	Taoyuan
Asia	Thailand	Bangkok	
Asia	Thailand	Nakhonnayok	
Asia	Thailand	Nonthaburi	
Asia	Thailand	Nonthaburi	Bangkok
Asia	Thailand	Pathum Thani	
Asia	Thailand	Phuket	
Asia	Thailand	Samut Prakarn	
Asia	Thailand	Samut Songkhram	
Asia	Thailand	Thailand	
Asia	Thailand	Trang	
Asia	Timor-Leste	Timor-Leste	
Asia	Turkey	Turkey	
Asia	United Arab Emirates	United Arab Emirates	
Asia	Vietnam	Ho Chi Minh City	
Asia	Vietnam	Lao Cai	
Asia	Vietnam	Quangninh	
Asia	Vietnam	Red River Delta	
Asia	Vietnam	Red River Delta	Hanoi
Asia	Vietnam	Thanh Hoa	
Asia	Vietnam	Vietnam	
Asia	Vietnam	Vinhphuc	
Europe	Austria	Austria	
Europe	Austria	Burgenland	
Europe	Austria	Italian cruise ship	
Europe	Austria	Lower Austria	
Europe	Austria	Salzburg	
Europe	Austria	Salzburg	Bad Gastein
Europe	Austria	South Tyrol	
Europe	Austria	Styria	
Europe	Austria	Tyrol	
Europe	Austria	Tyrol	Aldrans
Europe	Austria	Tyrol	Elbigenalp
Europe	Austria	Tyrol	Innsbruck
Europe	Austria	Tyrol	Ischgl
Europe	Austria	Tyrol	Kematen in Tirol
Europe	Austria	Tyrol	Laengenfeld
Europe	Austria	Tyrol	Matrei am Brenner
Europe	Austria	Tyrol	Mayrhofen
Europe	Austria	Tyrol	Ramsau im Zillertal
Europe	Austria	Tyrol	Seefeld in Tirol
Europe	Austria	Tyrol	Sistrans
Europe	Austria	Tyrol	St. Anton
Europe	Austria	Tyrol	Steinach am Brenner
Europe	Austria	Tyrol	Strass im Zillertal
Europe	Austria	Tyrol	Thaur
Europe	Austria	Tyrol	Zams
Europe	Austria	Upper Austria	
Europe	Austria	Upper Austria	Altenhof Am Hausruck
Europe	Austria	Upper Austria	Losenstein
Europe	Austria	Vienna	
Europe	Austria	Vorarlberg	
Europe	Belarus	Belarus	
Europe	Belgium	Aalst	
Europe	Belgium	Aalst	Geraardsbergen
Europe	Belgium	Antwerpen	
Europe	Belgium	Antwerpen	Berchem
Europe	Belgium	Antwerpen	Brasschaat
Europe	Belgium	Antwerpen	Broechem
Europe	Belgium	Antwerpen	Deurne
Europe	Belgium	Antwerpen	Ekeren
Europe	Belgium	Antwerpen	Hemiksem
Europe	Belgium	Antwerpen	Kalmthout
Europe	Belgium	Antwerpen	Malle
Europe	Belgium	Antwerpen	Oostmalle
Europe	Belgium	Antwerpen	Schoten
Europe	Belgium	Antwerpen	Wijnegem
Europe	Belgium	Antwerpen	Wilrijk
Europe	Belgium	Antwerpen	Zoersel
Europe	Belgium	Ath	
Europe	Belgium	Ath	Bassilly
Europe	Belgium	Ath	Beloeil
Europe	Belgium	Ath	Brugelette
Europe	Belgium	Ath	Buissenal
Europe	Belgium	Ath	Ellezelles
Europe	Belgium	Ath	Enghien
Europe	Belgium	Ath	Flobecq
Europe	Belgium	Ath	Harchies
Europe	Belgium	Ath	Ladeuze
Europe	Belgium	Ath	Lessines
Europe	Belgium	Ath	Quevaucamps
Europe	Belgium	Ath	Wadelincourt
Europe	Belgium	Belgium	
Europe	Belgium	Brugge	
Europe	Belgium	Brugge	Assebroek
Europe	Belgium	Brugge	Blankenberge
Europe	Belgium	Brugge	Knokke-Heist
Europe	Belgium	Brugge	Torhout
Europe	Belgium	Brussels	
Europe	Belgium	Brussels	Anderlecht
Europe	Belgium	Brussels	Auderghem
Europe	Belgium	Brussels	Berchem-Sainte-Agathe
Europe	Belgium	Brussels	Bruxelles
Europe	Belgium	Brussels	Etterbeek
Europe	Belgium	Brussels	Forest
Europe	Belgium	Brussels	Ganshoren
Europe	Belgium	Brussels	Ixelles
Europe	Belgium	Brussels	Jette
Europe	Belgium	Brussels	Laken
Europe	Belgium	Brussels	Molenbeek-Saint-Jean
Europe	Belgium	Brussels	Uccle
Europe	Belgium	Brussels	Watermael-Boitsfort
Europe	Belgium	Brussels	Woluwe-Saint-Pierre
Europe	Belgium	Charleroi	
Europe	Belgium	Charleroi	Aiseau
Europe	Belgium	Charleroi	Buzet
Europe	Belgium	Charleroi	Châtelet
Europe	Belgium	Charleroi	Couillet
Europe	Belgium	Charleroi	Courcelles
Europe	Belgium	Charleroi	Fontaine-l'Évêque
Europe	Belgium	Charleroi	Forchies-la-Marche
Europe	Belgium	Charleroi	Goutroux
Europe	Belgium	Charleroi	Jumet
Europe	Belgium	Charleroi	Luttre
Europe	Belgium	Charleroi	Marcinelle
Europe	Belgium	Charleroi	Mellet
Europe	Belgium	Charleroi	Monceau-sur-Sambre
Europe	Belgium	Charleroi	Montignies-sur-Sambre
Europe	Belgium	Charleroi	Montigny-le-Tilleul
Europe	Belgium	Charleroi	Ransart
Europe	Belgium	Charleroi	Trazegnies
Europe	Belgium	Dendermonde	
Europe	Belgium	Dendermonde	Buggenhout
Europe	Belgium	Dendermonde	Hamme
Europe	Belgium	Dendermonde	Kalken
Europe	Belgium	Dendermonde	Waasmunster
Europe	Belgium	Diksmuide	
Europe	Belgium	Diksmuide	Beerst
Europe	Belgium	Diksmuide	Lo
Europe	Belgium	Dinant	
Europe	Belgium	Dinant	Ciney
Europe	Belgium	Dinant	Havelange
Europe	Belgium	Eeklo	
Europe	Belgium	Eeklo	Maldegem
Europe	Belgium	Flines-lès-Mortagne	
Europe	Belgium	Gent	
Europe	Belgium	Gent	Asper
Europe	Belgium	Gent	Bottelare
Europe	Belgium	Gent	Deinze
Europe	Belgium	Gent	Gentbrugge
Europe	Belgium	Gent	Lotenhulle
Europe	Belgium	Gent	Lovendegem
Europe	Belgium	Gent	Mariakerke
Europe	Belgium	Gent	Merelbeke
Europe	Belgium	Gent	Nevele
Europe	Belgium	Halle-Vilvoorde	
Europe	Belgium	Halle-Vilvoorde	Asse
Europe	Belgium	Halle-Vilvoorde	Beersel
Europe	Belgium	Halle-Vilvoorde	Berg
Europe	Belgium	Halle-Vilvoorde	Dilbeek
Europe	Belgium	Halle-Vilvoorde	Grimbergen
Europe	Belgium	Halle-Vilvoorde	Halle
Europe	Belgium	Halle-Vilvoorde	Kampenhout
Europe	Belgium	Halle-Vilvoorde	Kraainem
Europe	Belgium	Halle-Vilvoorde	Machelen
Europe	Belgium	Halle-Vilvoorde	Nossegem
Europe	Belgium	Halle-Vilvoorde	Overijse
Europe	Belgium	Halle-Vilvoorde	Shape
Europe	Belgium	Halle-Vilvoorde	Sint-Genesius-Rode
Europe	Belgium	Halle-Vilvoorde	Steenokkerzeel
Europe	Belgium	Halle-Vilvoorde	Sterrebeek
Europe	Belgium	Halle-Vilvoorde	Vilvoorde
Europe	Belgium	Halle-Vilvoorde	Wezembeek-Oppem
Europe	Belgium	Hasselt	
Europe	Belgium	Hasselt	Beringen
Europe	Belgium	Hasselt	Beverlo
Europe	Belgium	Hasselt	Genk
Europe	Belgium	Hasselt	Halen
Europe	Belgium	Hasselt	Heppen
Europe	Belgium	Hasselt	Heusden-Zolder
Europe	Belgium	Hasselt	Kermt
Europe	Belgium	Hasselt	Koersel
Europe	Belgium	Hasselt	Lummen
Europe	Belgium	Hasselt	Paal
Europe	Belgium	Hasselt	Sint-Truiden
Europe	Belgium	Hasselt	Tessenderlo
Europe	Belgium	Hasselt	Zolder
Europe	Belgium	Hasselt	Zonhoven
Europe	Belgium	Huy	
Europe	Belgium	Huy	Antheit
Europe	Belgium	Huy	Burdinne
Europe	Belgium	Huy	Couthuin
Europe	Belgium	Huy	Wanze
Europe	Belgium	Huy	Yernée-Fraineux
Europe	Belgium	Ieper	
Europe	Belgium	Ieper	Geluwe
Europe	Belgium	Ieper	Poperinge
Europe	Belgium	Ieper	Vlamertinge
Europe	Belgium	Kalmthout	
Europe	Belgium	Kortrijk	
Europe	Belgium	Kortrijk	Anzegem
Europe	Belgium	Kortrijk	Avelgem
Europe	Belgium	Kortrijk	Deerlijk
Europe	Belgium	Kortrijk	Harelbeke
Europe	Belgium	Kortrijk	Kuurne
Europe	Belgium	Kortrijk	Wevelgem
Europe	Belgium	La Louvière	
Europe	Belgium	La Louvière	Binche
Europe	Belgium	La Louvière	Haulchin
Europe	Belgium	La Louvière	Maurage
Europe	Belgium	La Louvière	Morlanwelz
Europe	Belgium	La Louvière	Strépy-Bracquegnies
Europe	Belgium	Leuven	
Europe	Belgium	Leuven	Aarschot
Europe	Belgium	Leuven	Bierbeek
Europe	Belgium	Leuven	Blanden
Europe	Belgium	Leuven	Boutersem
Europe	Belgium	Leuven	Diest
Europe	Belgium	Leuven	Duisburg
Europe	Belgium	Leuven	Geetbets
Europe	Belgium	Leuven	Haasrode
Europe	Belgium	Leuven	Heverlee
Europe	Belgium	Leuven	Hoegaarden
Europe	Belgium	Leuven	Holsbeek
Europe	Belgium	Leuven	Huldenberg
Europe	Belgium	Leuven	Kaggevinne
Europe	Belgium	Leuven	Kersbeek-Miskom
Europe	Belgium	Leuven	Kessel-Lo
Europe	Belgium	Leuven	Kortenberg
Europe	Belgium	Leuven	Landen BE
Europe	Belgium	Leuven	Linter
Europe	Belgium	Leuven	Lubbeek
Europe	Belgium	Leuven	Molenstede
Europe	Belgium	Leuven	Scherpenheuvel-Zichem
Europe	Belgium	Leuven	Tervuren
Europe	Belgium	Leuven	Tielt-Winge
Europe	Belgium	Leuven	Tienen
Europe	Belgium	Leuven	Veltem-Beisem
Europe	Belgium	Leuven	Waasmont
Europe	Belgium	Leuven	Wespelaar
Europe	Belgium	Leuven	Wilsele
Europe	Belgium	Leuven	Winksele
Europe	Belgium	Leuven	Zoutleeuw
Europe	Belgium	Liège	
Europe	Belgium	Liège	Ans
Europe	Belgium	Liège	Bierset
Europe	Belgium	Liège	Bressoux
Europe	Belgium	Liège	Dalhem
Europe	Belgium	Liège	Dolembreux
Europe	Belgium	Liège	Herstal
Europe	Belgium	Liège	Saive
Europe	Belgium	Liège	Seraing
Europe	Belgium	Liège	Soumagne
Europe	Belgium	Liège	Voroux-lez-Liers
Europe	Belgium	Liège	Wandre
Europe	Belgium	Maaseik	
Europe	Belgium	Maaseik	Bocholt
Europe	Belgium	Maaseik	Bree
Europe	Belgium	Maaseik	Grote-Brogel
Europe	Belgium	Maaseik	Houthalen-Helchteren
Europe	Belgium	Maaseik	Kaulille
Europe	Belgium	Maaseik	Lommel
Europe	Belgium	Maaseik	Neerpelt
Europe	Belgium	Maaseik	Overpelt
Europe	Belgium	Maaseik	Peer
Europe	Belgium	Mechelen	
Europe	Belgium	Mechelen	Bevel
Europe	Belgium	Mechelen	Blaasveld
Europe	Belgium	Mechelen	Bonheiden
Europe	Belgium	Mechelen	Bornem
Europe	Belgium	Mechelen	Breendonk
Europe	Belgium	Mechelen	Lippelo
Europe	Belgium	Mepel	
Europe	Belgium	Mons	
Europe	Belgium	Mons	Baudour
Europe	Belgium	Mons	Bauffe
Europe	Belgium	Mons	Boussu
Europe	Belgium	Mons	Colfontaine
Europe	Belgium	Mons	Cuesmes
Europe	Belgium	Mons	Dour
Europe	Belgium	Mons	Flénu
Europe	Belgium	Mons	Frameries
Europe	Belgium	Mons	Ghlin
Europe	Belgium	Mons	Givry
Europe	Belgium	Mons	Havré
Europe	Belgium	Mons	Honnelles
Europe	Belgium	Mons	Jemappes
Europe	Belgium	Mons	Jurbise
Europe	Belgium	Mons	Neufmaison
Europe	Belgium	Mons	Quaregnon
Europe	Belgium	Mons	Quévy
Europe	Belgium	Mons	Saint-Ghislain
Europe	Belgium	Mons	Saisinne
Europe	Belgium	Mons	Tertre
Europe	Belgium	Mons	Thulin
Europe	Belgium	Mons	Villerot
Europe	Belgium	Namur	
Europe	Belgium	Namur	Aisemont
Europe	Belgium	Namur	Andenne
Europe	Belgium	Namur	Arbre
Europe	Belgium	Namur	Beuzet
Europe	Belgium	Namur	Champion
Europe	Belgium	Namur	Grand-Leez
Europe	Belgium	Namur	Temploux
Europe	Belgium	Nivelles	
Europe	Belgium	Nivelles	Braine-l'Alleud
Europe	Belgium	Nivelles	Braine-le-Château
Europe	Belgium	Nivelles	Genappe
Europe	Belgium	Nivelles	Genval
Europe	Belgium	Nivelles	Lasne
Europe	Belgium	Nivelles	Lillois-Witterzée
Europe	Belgium	Nivelles	Rebecq
Europe	Belgium	Nivelles	Rixensart
Europe	Belgium	Nivelles	Tubize
Europe	Belgium	Nivelles	Waterloo
Europe	Belgium	Oostende	
Europe	Belgium	Oostende	Ettelgem
Europe	Belgium	Oudenaarde	
Europe	Belgium	Oudenaarde	Bevere
Europe	Belgium	Oudenaarde	Ronse
Europe	Belgium	Philippeville	
Europe	Belgium	Philippeville	Couvin
Europe	Belgium	Saint-Saulve	
Europe	Belgium	Sint-Niklaas	
Europe	Belgium	Sint-Niklaas	Bazel
Europe	Belgium	Sint-Niklaas	Sint-Gillis-Waas
Europe	Belgium	Sint-Niklaas	Stekene
Europe	Belgium	Sint-Niklaas	Temse
Europe	Belgium	Soignies	
Europe	Belgium	Soignies	Braine-le-Comte
Europe	Belgium	Soignies	Casteau
Europe	Belgium	Soignies	Le Roeulx
Europe	Belgium	Soignies	Naast
Europe	Belgium	Soignies	Neufvilles
Europe	Belgium	Soignies	Seneffe
Europe	Belgium	Soignies	Écaussinnes
Europe	Belgium	Thuin	
Europe	Belgium	Thuin	Fontaine-Valmont
Europe	Belgium	Tielt	
Europe	Belgium	Tielt	Oostrozebeke
Europe	Belgium	Tielt	Wingene
Europe	Belgium	Tongeren	
Europe	Belgium	Tongeren	Alken
Europe	Belgium	Tongeren	Beverst
Europe	Belgium	Tongeren	Eisden
Europe	Belgium	Tongeren	Lanaken
Europe	Belgium	Tongeren	Riemst
Europe	Belgium	Tournai-Mouscron	
Europe	Belgium	Tournai-Mouscron	Blandain
Europe	Belgium	Tournai-Mouscron	Braffe
Europe	Belgium	Tournai-Mouscron	Brunehaut
Europe	Belgium	Tournai-Mouscron	Bury
Europe	Belgium	Tournai-Mouscron	Chercq
Europe	Belgium	Tournai-Mouscron	Comines
Europe	Belgium	Tournai-Mouscron	Ere
Europe	Belgium	Tournai-Mouscron	Froyennes
Europe	Belgium	Tournai-Mouscron	Kain
Europe	Belgium	Tournai-Mouscron	Luingne
Europe	Belgium	Tournai-Mouscron	Mouscron
Europe	Belgium	Tournai-Mouscron	Ploegsteert
Europe	Belgium	Tournai-Mouscron	Péruwelz
Europe	Belgium	Tournai-Mouscron	Roucourt
Europe	Belgium	Tournai-Mouscron	Tournai
Europe	Belgium	Turnhout	
Europe	Belgium	Turnhout	Balen
Europe	Belgium	Turnhout	Beerse
Europe	Belgium	Turnhout	Gierle
Europe	Belgium	Turnhout	Grobbendonk
Europe	Belgium	Turnhout	Herselt
Europe	Belgium	Turnhout	Kasterlee
Europe	Belgium	Turnhout	Laakdal
Europe	Belgium	Turnhout	Mol
Europe	Belgium	Turnhout	Oevel
Europe	Belgium	Turnhout	Olen
Europe	Belgium	Turnhout	Oud-Turnhout
Europe	Belgium	Turnhout	Poppel
Europe	Belgium	Turnhout	Ramsel
Europe	Belgium	Turnhout	Ravels
Europe	Belgium	Turnhout	Retie
Europe	Belgium	Turnhout	Rijkevorsel
Europe	Belgium	Turnhout	Veerle
Europe	Belgium	Turnhout	Vorselaar
Europe	Belgium	Verviers	
Europe	Belgium	Verviers	Büllingen
Europe	Belgium	Verviers	Chaineux
Europe	Belgium	Verviers	Eupen
Europe	Belgium	Verviers	Henri-Chapelle
Europe	Belgium	Verviers	Herve
Europe	Belgium	Verviers	Kelmis
Europe	Belgium	Verviers	Limbourg BE
Europe	Belgium	Verviers	Membach
Europe	Belgium	Verviers	Theux
Europe	Belgium	Veurne	
Europe	Belgium	Veurne	Beveren
Europe	Belgium	Waremme	
Europe	Belgium	Waremme	Berloz
Europe	Belgium	Waremme	Hannut
Europe	Belgium	Waremme	Lamine
Europe	Bosnia and Herzegovina	Bihac	
Europe	Bosnia and Herzegovina	Bosnia and Herzegovina	
Europe	Bosnia and Herzegovina	Breza	
Europe	Bosnia and Herzegovina	Cazin	
Europe	Bosnia and Herzegovina	Gorazde	
Europe	Bosnia and Herzegovina	Gornji Vakuf	
Europe	Bosnia and Herzegovina	Ilidza	
Europe	Bosnia and Herzegovina	Ilijas	
Europe	Bosnia and Herzegovina	Kakanj	
Europe	Bosnia and Herzegovina	Livno	
Europe	Bosnia and Herzegovina	Maglaj	
Europe	Bosnia and Herzegovina	Novi Travnik	
Europe	Bosnia and Herzegovina	Sarajevo	
Europe	Bosnia and Herzegovina	Tuzla	
Europe	Bosnia and Herzegovina	Vitez	
Europe	Bosnia and Herzegovina	Zepce	
Europe	Bosnia and Herzegovina	Čelinac	
Europe	Bulgaria	Blagoevgrad	
Europe	Bulgaria	Dupnitza	
Europe	Bulgaria	Kyustendil	
Europe	Bulgaria	Pazardzhik	
Europe	Bulgaria	Pleven	
Europe	Bulgaria	Smolyan	
Europe	Bulgaria	Sofia	
Europe	Bulgaria	Vidin	
Europe	Croatia	Croatia	
Europe	Croatia	Dubrovnik	
Europe	Croatia	Istria	
Europe	Croatia	Koprivnica	
Europe	Croatia	Osijek	
Europe	Croatia	Pula	
Europe	Croatia	Split	
Europe	Croatia	Varazdin	
Europe	Croatia	Varaždin County	
Europe	Cyprus	Cyprus	
Europe	Czech Republic	Czech Republic	
Europe	Czech Republic	Hranice Na Moravě	
Europe	Czech Republic	Hranice Na Moravě	Prostějov
Europe	Czech Republic	Jihlava	
Europe	Czech Republic	Litomerice-Brnay	
Europe	Czech Republic	Melnik	
Europe	Czech Republic	Olomouc Region	
Europe	Czech Republic	Olomouc Region	Litovel
Europe	Czech Republic	Plzeň Region	
Europe	Czech Republic	Plzeň Region	Domažlice
Europe	Czech Republic	Plzeň Region	Klenčí
Europe	Czech Republic	Plzeň Region	Plzeň
Europe	Czech Republic	Prague	
Europe	Czech Republic	South Moravian Region	
Europe	Czech Republic	South Moravian Region	Breclav
Europe	Czech Republic	South Moravian Region	Brno
Europe	Czech Republic	Usti nad Labem	
Europe	Czech Republic	Usti nad Labem	Všebořice
Europe	Czech Republic	Vysocina Region	
Europe	Czech Republic	Vysocina Region	Bela - Ledec Na Sazavou
Europe	Czech Republic	Vysocina Region	Kynice
Europe	Czech Republic	Zlin	
Europe	Czech Republic	Zlin	Fryšták
Europe	Denmark	Copenhagen	
Europe	Denmark	Denmark	
Europe	Estonia	Estonia	
Europe	Europe	Europe	
Europe	Finland	Finland	
Europe	Finland	Finland	Rovaniemi
Europe	Finland	Helsinki	
Europe	Finland	Uusimaa	
Europe	France	Auvergne-Rhône-Alpes	
Europe	France	Auvergne-Rhône-Alpes	Bourg-en-Bresse
Europe	France	Auvergne-Rhône-Alpes	Contamines
Europe	France	Auvergne-Rhône-Alpes	Lyon
Europe	France	Auvergne-Rhône-Alpes	Macon
Europe	France	Auvergne-Rhône-Alpes	Privas
Europe	France	Auvergne-Rhône-Alpes	Saint-Priest
Europe	France	Auvergne-Rhône-Alpes	Valence
Europe	France	Auvergne-Rhône-Alpes	Venissieux
Europe	France	Auvergne-Rhône-Alpes	Vienne
Europe	France	Bourgogne	
Europe	France	Bourgogne	Dijon
Europe	France	Bourgogne-France-Comté	
Europe	France	Bourgogne-France-Comté	Chalon sur Saone
Europe	France	Bourgogne-France-Comté	Montreux-Chateau
Europe	France	Bourgogne-France-Comté	Thise
Europe	France	Bretagne	
Europe	France	Bretagne	Brest
Europe	France	Bretagne	Ploudalmezeau
Europe	France	Bretagne	Rennes
Europe	France	Centre-Val de Loire	
Europe	France	Centre-Val de Loire	Abondant
Europe	France	Centre-Val de Loire	Tours
Europe	France	France	
Europe	France	Grand Est	
Europe	France	Grand Est	Gondrecourt-le-Chateau
Europe	France	Grand Est	Ham Sous Varsberg
Europe	France	Grand Est	Nancy
Europe	France	Grand Est	Reims
Europe	France	Grand Est	Spicheren
Europe	France	Grand Est	Strasbourg
Europe	France	Grand Est	Woippy
Europe	France	Hauts de France	
Europe	France	Hauts de France	Chateau-Thierry
Europe	France	Hauts de France	Compiègne
Europe	France	Hauts de France	Crouy en Thelle
Europe	France	Hauts de France	Crépy en Valois
Europe	France	Hauts de France	Nogent-l'Artaud
Europe	France	Hubei	
Europe	France	Ile de France	
Europe	France	Ile de France	Asnières-sur-Seine
Europe	France	Ile de France	Cergy
Europe	France	Ile de France	Colombes
Europe	France	Ile de France	Garches
Europe	France	Ile de France	Gennevilliers
Europe	France	Ile de France	Guyancourt
Europe	France	Ile de France	Juvisy-sur-Orge
Europe	France	Ile de France	Le Pecq
Europe	France	Ile de France	Levallois-Perret
Europe	France	Ile de France	Longjumeau
Europe	France	Ile de France	Meudon la Forêt
Europe	France	Ile de France	Montigny le Bretonneux
Europe	France	Ile de France	Moussy Le Neuf
Europe	France	Ile de France	Noisy le Roi
Europe	France	Ile de France	Orsay
Europe	France	Ile de France	Paris
Europe	France	Ile de France	Pontoise
Europe	France	Ile de France	Saint Germain en Laye
Europe	France	Ile de France	Saint-Thibault-des-Vignes
Europe	France	Ile de France	Seine-Port
Europe	France	Ile de France	Vanves
Europe	France	Normandie	
Europe	France	Normandie	Carentan
Europe	France	Normandie	Rouen
Europe	France	Occitanie	
Europe	France	Pays de la Loire	
Europe	France	Pays de la Loire	Nantes
Europe	France	Toulouse	
Europe	Germany	Baden-Wuerttemberg	
Europe	Germany	Baden-Wuerttemberg	Tuebingen
Europe	Germany	Bavaria	
Europe	Germany	Bavaria	Munich
Europe	Germany	Bavaria	Starnberg
Europe	Germany	Berlin	
Europe	Germany	Frankfurt	
Europe	Germany	Germany	
Europe	Germany	Niedersachsen	
Europe	Germany	North Rhine Westphalia	
Europe	Germany	North Rhine Westphalia	Duesseldorf
Europe	Germany	North Rhine Westphalia	Heinsberg
Europe	Germany	North Rhine Westphalia	Heinsberg District
Europe	Germany	North Rhine Westphalia	Münster
Europe	Germany	Rostock	
Europe	Germany	Western Pomerania	
Europe	Greece	Athens	
Europe	Greece	Greece	
Europe	Greece	Thessaloniki	
Europe	Hungary	Balassagyarmat	
Europe	Hungary	Balatonfured	
Europe	Hungary	Baranya	
Europe	Hungary	Bekesszentandras	
Europe	Hungary	Borsod-Abaúj-Zemplén County	
Europe	Hungary	Bács-Kiskun County	
Europe	Hungary	Békés County	
Europe	Hungary	Central Hungary	
Europe	Hungary	Central Hungary	Budapest
Europe	Hungary	Csongrád County	
Europe	Hungary	Debrecen	
Europe	Hungary	Heves County	
Europe	Hungary	Jász-Nagykun-Szolnok County	
Europe	Hungary	Kecskemet	
Europe	Hungary	Oroshaza	
Europe	Hungary	Szabolcs-Szatmár-Bereg County	
Europe	Hungary	Szeged	
Europe	Iceland	Reykjavik	
Europe	Iran	Iran	
Europe	Ireland	Cork	
Europe	Ireland	Dublin	
Europe	Ireland	Ireland	
Europe	Ireland	Limerick	
Europe	Ireland	Louth	
Europe	Ireland	Tipperary	
Europe	Ireland	Wicklow	
Europe	Italy	Abruzzo	
Europe	Italy	Abruzzo	L'Aquila
Europe	Italy	Abruzzo	Teramo
Europe	Italy	Apulia	
Europe	Italy	Apulia	Brindisi
Europe	Italy	Apulia	Lecce
Europe	Italy	Apulia	Taranto
Europe	Italy	Basilicata	
Europe	Italy	Campania	
Europe	Italy	Campania	Naples
Europe	Italy	Castel di Sangro	
Europe	Italy	Emilia-Romagna	
Europe	Italy	Friuli Venezia Giulia	
Europe	Italy	Italian cruise ship	
Europe	Italy	Italy	
Europe	Italy	Lazio	
Europe	Italy	Lazio	Rome
Europe	Italy	Lombardy	
Europe	Italy	Lombardy	Milan
Europe	Italy	Marche	
Europe	Italy	Molise	
Europe	Italy	Pa Trento	
Europe	Italy	Sardinia	
Europe	Italy	Sicily	
Europe	Italy	South Tyrol	
Europe	Italy	Trentino	
Europe	Italy	Tyrol	
Europe	Italy	Valle D'Aosta	
Europe	Italy	Veneto	
Europe	Italy	Veneto	Verona IT
Europe	Latvia	Latvia	
Europe	Latvia	Riga	
Europe	Lithuania	Lithuania	
Europe	Lithuania	Vilnius	
Europe	Luxembourg	Luxembourg	
Europe	Luxembourg	Luxembourg	Luxembourg
Europe	Netherlands	Drenthe	
Europe	Netherlands	Drenthe	Coevorden
Europe	Netherlands	Drenthe	Dalen
Europe	Netherlands	Flevoland	
Europe	Netherlands	Flevoland	Zeewolde
Europe	Netherlands	Friesland	
Europe	Netherlands	Gelderland	
Europe	Netherlands	Leiden	
Europe	Netherlands	Limburg	
Europe	Netherlands	Milheeze	
Europe	Netherlands	Netherlands	
Europe	Netherlands	North Brabant	
Europe	Netherlands	North Brabant	Andel
Europe	Netherlands	North Brabant	Berlicum
Europe	Netherlands	North Brabant	Blaricum
Europe	Netherlands	North Brabant	Eindhoven
Europe	Netherlands	North Brabant	Helmond
Europe	Netherlands	North Brabant	Loon op zand
Europe	Netherlands	North Brabant	Nieuwendijk
Europe	Netherlands	North Brabant	Oisterwijk
Europe	Netherlands	North Brabant	Oss
Europe	Netherlands	North Brabant	Tilburg
Europe	Netherlands	North Holland	
Europe	Netherlands	North Holland	Diemen
Europe	Netherlands	North Holland	Haarlem
Europe	Netherlands	North Holland	Naarden
Europe	Netherlands	Overijssel	
Europe	Netherlands	South Holland	
Europe	Netherlands	South Holland	Delft
Europe	Netherlands	South Holland	Hardinxveld Giessendam
Europe	Netherlands	South Holland	Nootdorp
Europe	Netherlands	South Holland	Rotterdam
Europe	Netherlands	Utrecht	
Europe	Netherlands	Utrecht	Houten
Europe	Netherlands	Utrecht	Utrecht
Europe	Netherlands	Zeeland	
Europe	Norway	Norway	
Europe	Norway	Oslo	
Europe	Norway	Trondheim	
Europe	Poland	Dolnoslaskie	
Europe	Poland	Malopolskie	
Europe	Poland	Malopolskie	Kraków
Europe	Poland	Mazowieckie	
Europe	Poland	Mazowieckie	Grodzisk Mazowiecki
Europe	Poland	Mazowieckie	Plock
Europe	Poland	Mazowieckie	Radom
Europe	Poland	Mazowieckie	Warszawa
Europe	Poland	Opolskie	
Europe	Poland	Poland	
Europe	Poland	Pomorskie	
Europe	Poland	Slask	
Europe	Poland	Warminsko-Mazurskie	
Europe	Poland	Warminsko-Mazurskie	Olsztyn
Europe	Poland	Wielkopolskie	
Europe	Poland	Wielkopolskie	Kalisz
Europe	Poland	Zielonogorskie	
Europe	Poland	Łódzkie	
Europe	Portugal	Beja	
Europe	Portugal	Beja	Santa Clara de Louredo
Europe	Portugal	Coimbra	
Europe	Portugal	Coimbra	Penacova
Europe	Portugal	Guarda	
Europe	Portugal	Guarda	Seia
Europe	Portugal	Lisbon	
Europe	Portugal	Lisbon	Agualva
Europe	Portugal	Lisbon	Aguas livres
Europe	Portugal	Lisbon	Algueirão-Mem Martins
Europe	Portugal	Lisbon	Almargem do Bispo
Europe	Portugal	Lisbon	Amadora
Europe	Portugal	Lisbon	Buraca
Europe	Portugal	Lisbon	Cacem
Europe	Portugal	Lisbon	Casal de Cambra
Europe	Portugal	Lisbon	Corroios
Europe	Portugal	Lisbon	Cova da Moura
Europe	Portugal	Lisbon	Damaia de Cima
Europe	Portugal	Lisbon	Encosta de Sol
Europe	Portugal	Lisbon	Massama
Europe	Portugal	Lisbon	Mina da Agua
Europe	Portugal	Lisbon	Monte Abrão
Europe	Portugal	Lisbon	Pontinha
Europe	Portugal	Lisbon	Queluz
Europe	Portugal	Lisbon	Ramada
Europe	Portugal	Lisbon	Reboleira
Europe	Portugal	Lisbon	Rio de Mouro
Europe	Portugal	Lisbon	Sacavem
Europe	Portugal	Lisbon	Santa Maria dos Olivais
Europe	Portugal	Lisbon	São Domingos da Benfica
Europe	Portugal	Lisbon	Seia
Europe	Portugal	Portugal	
Europe	Portugal	Santarem	
Europe	Portugal	Santarem	Santarem
Europe	Portugal	Setúbal	
Europe	Portugal	Setúbal	Corroios
Europe	Romania	Arges	
Europe	Romania	Bucharest	
Europe	Romania	Buzau	
Europe	Romania	Constanta	
Europe	Romania	Mioveni	
Europe	Romania	Suceava	
Europe	Romania	Suceava	Iasi
Europe	Romania	Teleorman	
Europe	Romania	Valcea	
Europe	Romania	Vrancea	
Europe	Romania	Vrancea	Focsani
Europe	Russia	Buryat Republic	
Europe	Russia	Buryat Republic	Ulan-Ude
Europe	Russia	Chechen Republic	
Europe	Russia	Chelyabinsk Region	
Europe	Russia	Khabarovsk Region	
Europe	Russia	Krasnodar Region	
Europe	Russia	Krasnoyarsk Region	
Europe	Russia	Leningrad Region	
Europe	Russia	Leningrad Region	Kipen
Europe	Russia	Lipetsk Region	
Europe	Russia	Moscow	
Europe	Russia	Moscow Region	
Europe	Russia	Novosibirsk Region	
Europe	Russia	Omsk Region	
Europe	Russia	Orenburg Region	
Europe	Russia	Perm Region	
Europe	Russia	Primorskiy Region	
Europe	Russia	Pskov Region	
Europe	Russia	Republic of Buryatia	
Europe	Russia	Republic of Crymea	
Europe	Russia	Republic of Kabardino-Balkaria	
Europe	Russia	Republic of Sakha	
Europe	Russia	Saint-Petersburg	
Europe	Russia	Sakhalin Region	
Europe	Russia	Samara Region	
Europe	Russia	Sverdlovsk Region	
Europe	Russia	Tatarstan	
Europe	Russia	Tver Region	
Europe	Serbia	Cacak	
Europe	Serbia	Kraljevo	
Europe	Serbia	Novi Pazar	
Europe	Serbia	Novi Sad	
Europe	Serbia	Serbia	
Europe	Serbia	Uzice	
Europe	Slovakia	Bratislava	
Europe	Slovakia	Kosice	
Europe	Slovakia	Kostoliste	
Europe	Slovakia	Martin	
Europe	Slovenia	Slovenia	
Europe	Spain	Andalusia	
Europe	Spain	Andalusia	Alamedilla
Europe	Spain	Andalusia	Albolote
Europe	Spain	Andalusia	Alcala la Real
Europe	Spain	Andalusia	Algeciras
Europe	Spain	Andalusia	Alhaurin de la Torre
Europe	Spain	Andalusia	Almeria
Europe	Spain	Andalusia	Antequera
Europe	Spain	Andalusia	Atarfe
Europe	Spain	Andalusia	Benajarafe
Europe	Spain	Andalusia	Cadiz
Europe	Spain	Andalusia	Castril
Europe	Spain	Andalusia	Chiclana de la Frontera
Europe	Spain	Andalusia	Churriana de la Vega
Europe	Spain	Andalusia	Conil de la Frontera
Europe	Spain	Andalusia	Cordoba
Europe	Spain	Andalusia	Cortijos Nuevos
Europe	Spain	Andalusia	Fonelas
Europe	Spain	Andalusia	Frailes
Europe	Spain	Andalusia	Granada
Europe	Spain	Andalusia	Guadix
Europe	Spain	Andalusia	Guevejar
Europe	Spain	Andalusia	Huetor Santillan
Europe	Spain	Andalusia	Iznalloz
Europe	Spain	Andalusia	Jerez De La Frontera
Europe	Spain	Andalusia	Jun
Europe	Spain	Andalusia	La Linea de la Concepcion
Europe	Spain	Andalusia	Mairena Aljarafe
Europe	Spain	Andalusia	Malaga
Europe	Spain	Andalusia	Maracena
Europe	Spain	Andalusia	Ogijares
Europe	Spain	Andalusia	Otura
Europe	Spain	Andalusia	Pinos Puente
Europe	Spain	Andalusia	Puerto Santa Maria
Europe	Spain	Andalusia	Pulianas
Europe	Spain	Andalusia	Rincon de la Victoria
Europe	Spain	Andalusia	Rio San Pedro
Europe	Spain	Andalusia	Rota
Europe	Spain	Andalusia	San Fernando
Europe	Spain	Andalusia	San Roque
Europe	Spain	Andalusia	Santa Fe
Europe	Spain	Andalusia	Sevilla
Europe	Spain	Andalusia	Tarifa
Europe	Spain	Andalusia	Torremolinos
Europe	Spain	Andalusia	Ubeda
Europe	Spain	Andalusia	Valderrubio
Europe	Spain	Andalusia	Vegas del Genil
Europe	Spain	Andalusia	Velez Malaga
Europe	Spain	Andalusia	Zujar
Europe	Spain	Aragon	
Europe	Spain	Aragon	Alcaniz
Europe	Spain	Aragon	Teruel
Europe	Spain	Aragon	Zaragoza
Europe	Spain	Asturias	
Europe	Spain	Balear Islands	
Europe	Spain	Balear Islands	Alcudia
Europe	Spain	Balear Islands	Ibiza
Europe	Spain	Balear Islands	Llubi
Europe	Spain	Balear Islands	Lluchmayor
Europe	Spain	Balear Islands	Manacor
Europe	Spain	Balear Islands	Marratxí
Europe	Spain	Balear Islands	Muro
Europe	Spain	Balear Islands	Palma
Europe	Spain	Balear Islands	Palma de Mallorca
Europe	Spain	Balear Islands	Santa Maria del Camino
Europe	Spain	Balear Islands	Son Servera
Europe	Spain	Basque Country	
Europe	Spain	Basque Country	Bermeo
Europe	Spain	Basque Country	Bizkaia
Europe	Spain	Basque Country	Donostia-San Sebastian
Europe	Spain	Basque Country	Portugalete
Europe	Spain	Basque Country	Vitoria-Gasteiz
Europe	Spain	Canary Islands	
Europe	Spain	Canary Islands	Las Palmas
Europe	Spain	Castilla la Mancha	
Europe	Spain	Castilla la Mancha	Albacete
Europe	Spain	Castilla la Mancha	Almansa
Europe	Spain	Castilla la Mancha	Ayna
Europe	Spain	Castilla la Mancha	Balazote
Europe	Spain	Castilla la Mancha	Cuenca
Europe	Spain	Castilla la Mancha	Hellin
Europe	Spain	Castilla la Mancha	Lezuza
Europe	Spain	Castilla la Mancha	Madrigueras
Europe	Spain	Castilla la Mancha	Mingogil
Europe	Spain	Castilla la Mancha	Riopar
Europe	Spain	Castilla la Mancha	San Clemente
Europe	Spain	Castilla la Mancha	Socuellamos
Europe	Spain	Castilla la Mancha	Tazona
Europe	Spain	Castilla la Mancha	Tobarra
Europe	Spain	Castilla la Mancha	Villanueva de la Jara
Europe	Spain	Castilla la Mancha	Villarrobledo
Europe	Spain	Castilla y Leon	
Europe	Spain	Catalunya	
Europe	Spain	Catalunya	Barcelona
Europe	Spain	Comunitat Valenciana	
Europe	Spain	Comunitat Valenciana	Albal
Europe	Spain	Comunitat Valenciana	Alboraya
Europe	Spain	Comunitat Valenciana	Albuixech
Europe	Spain	Comunitat Valenciana	Almassera
Europe	Spain	Comunitat Valenciana	Almenara
Europe	Spain	Comunitat Valenciana	Beniganim
Europe	Spain	Comunitat Valenciana	Benirredra
Europe	Spain	Comunitat Valenciana	Bonrepos i Mirambell
Europe	Spain	Comunitat Valenciana	Canet d'en Berenguer
Europe	Spain	Comunitat Valenciana	Chilches
Europe	Spain	Comunitat Valenciana	El Puig
Europe	Spain	Comunitat Valenciana	Elda
Europe	Spain	Comunitat Valenciana	Gandia
Europe	Spain	Comunitat Valenciana	Gilet
Europe	Spain	Comunitat Valenciana	Grau de Sagunt
Europe	Spain	Comunitat Valenciana	Llutxent
Europe	Spain	Comunitat Valenciana	Meliana
Europe	Spain	Comunitat Valenciana	Miramar
Europe	Spain	Comunitat Valenciana	Museros
Europe	Spain	Comunitat Valenciana	Oliva
Europe	Spain	Comunitat Valenciana	Olleria
Europe	Spain	Comunitat Valenciana	Palma de Gandia
Europe	Spain	Comunitat Valenciana	Puzol
Europe	Spain	Comunitat Valenciana	Sagunt
Europe	Spain	Comunitat Valenciana	Segorbe
Europe	Spain	Comunitat Valenciana	Simat de la Valldigna
Europe	Spain	Comunitat Valenciana	Soneja
Europe	Spain	Comunitat Valenciana	Tavernes de la Valldigna
Europe	Spain	Comunitat Valenciana	Valencia
Europe	Spain	Comunitat Valenciana	Valencia Horta
Europe	Spain	Comunitat Valenciana	Xeraco
Europe	Spain	Donostia-San Sebatian	
Europe	Spain	Galicia	
Europe	Spain	Galicia	A Coruna
Europe	Spain	Galicia	Ames
Europe	Spain	Galicia	Boiro
Europe	Spain	Galicia	Boqueixón
Europe	Spain	Galicia	El Rosal
Europe	Spain	Galicia	La Estrada
Europe	Spain	Galicia	Lalin
Europe	Spain	Galicia	Muros
Europe	Spain	Galicia	Negreira
Europe	Spain	Galicia	Noia
Europe	Spain	Galicia	Oroso
Europe	Spain	Galicia	Padrón
Europe	Spain	Galicia	Rianjo
Europe	Spain	Galicia	Ribeira
Europe	Spain	Galicia	Santa Comba
Europe	Spain	Galicia	Santiago de Compostela
Europe	Spain	Galicia	Teo
Europe	Spain	Galicia	Valga
Europe	Spain	Grand Canary Islands	
Europe	Spain	La Rioja	
Europe	Spain	La Rioja	Calahorra
Europe	Spain	La Rioja	Logrono
Europe	Spain	La Rioja	Pradejon
Europe	Spain	Madrid	
Europe	Spain	Madrid	Alcala de Henares
Europe	Spain	Madrid	Alcobendas
Europe	Spain	Madrid	Ambite
Europe	Spain	Madrid	Arganda del Rey
Europe	Spain	Madrid	Campo Real
Europe	Spain	Madrid	Leganés
Europe	Spain	Madrid	Madrid
Europe	Spain	Madrid	Parla
Europe	Spain	Madrid	Rivas-Vaciamadrid
Europe	Spain	Madrid	Valdaracete
Europe	Spain	Melilla	
Europe	Spain	Murcia	
Europe	Spain	Murcia	Murcia
Europe	Spain	Navarra	
Europe	Spain	Navarra	Baranain
Europe	Spain	Navarra	Barasoain
Europe	Spain	Navarra	Cintruenigo
Europe	Spain	Navarra	Cizur Menor
Europe	Spain	Navarra	Echavarri
Europe	Spain	Navarra	Fitero
Europe	Spain	Navarra	Mutilva
Europe	Spain	Navarra	Noain
Europe	Spain	Navarra	Pamplona
Europe	Spain	Navarra	Peralta
Europe	Spain	Navarra	Tafalla
Europe	Spain	Navarra	Torres De Elorz
Europe	Spain	Navarra	Zulueta
Europe	Spain	San Jose	
Europe	Spain	Spain	
Europe	Sweden	Dalarna	
Europe	Sweden	Gavleborgs Lan	
Europe	Sweden	Halland	
Europe	Sweden	Jamtland	
Europe	Sweden	Jamtland Harjedalen	
Europe	Sweden	Jonkoping	
Europe	Sweden	Kalmar	
Europe	Sweden	Norrbotten	
Europe	Sweden	Orebro	
Europe	Sweden	Orebro Lan	
Europe	Sweden	Ostergotland	
Europe	Sweden	Skane	
Europe	Sweden	Småland	
Europe	Sweden	Småland	Jönköping
Europe	Sweden	Sodermanland	
Europe	Sweden	Sormland	
Europe	Sweden	Stockholm	
Europe	Sweden	Sweden	
Europe	Sweden	Uppsala	
Europe	Sweden	Varmland	
Europe	Sweden	Vasterbotten	
Europe	Sweden	Vasternorrland	
Europe	Sweden	Vastmanland	
Europe	Sweden	Vastra Gotaland	
Europe	Switzerland	Aargau	
Europe	Switzerland	Basel-Land	
Europe	Switzerland	Basel-Stadt	
Europe	Switzerland	Bern	
Europe	Switzerland	Fribourg	
Europe	Switzerland	Geneva	
Europe	Switzerland	Glarus	
Europe	Switzerland	Graubünden	
Europe	Switzerland	Jura	
Europe	Switzerland	Lucerne	
Europe	Switzerland	Sankt Gallen	
Europe	Switzerland	Schaffhausen	
Europe	Switzerland	Schwyz	
Europe	Switzerland	Solothurn	
Europe	Switzerland	Switzerland	
Europe	Switzerland	Thurgau	
Europe	Switzerland	Ticino	
Europe	Switzerland	Uri	
Europe	Switzerland	Valais	
Europe	Switzerland	Vaud	
Europe	Switzerland	Zug	
Europe	Switzerland	Zürich	
Europe	Turkey	Adıyaman	
Europe	Turkey	Afyon	
Europe	Turkey	Agri	
Europe	Turkey	Aksaray	
Europe	Turkey	Ankara	
Europe	Turkey	Balikesir	
Europe	Turkey	Canakkale	
Europe	Turkey	Denizli	
Europe	Turkey	Eskisehir	
Europe	Turkey	Istanbul	
Europe	Turkey	Karaman	
Europe	Turkey	Kastamonu	
Europe	Turkey	Kayseri	
Europe	Turkey	Kocaeli	
Europe	Turkey	Konya	
Europe	Turkey	Mardin	
Europe	Turkey	Nevsehir	
Europe	Turkey	Sakarya	
Europe	Turkey	Siirt	
Europe	Turkey	Tekirdag	
Europe	Turkey	Tokat	
Europe	Turkey	Turkey	
Europe	United Kingdom	England	
Europe	United Kingdom	England	Derbyshire
Europe	United Kingdom	England	London
Europe	United Kingdom	England	Norfolk
Europe	United Kingdom	England	Northamtonshire
Europe	United Kingdom	England	Nottinghamshire
Europe	United Kingdom	England	South Yorkshire
Europe	United Kingdom	England	Warwickshire
Europe	United Kingdom	England	Yorkshire
Europe	United Kingdom	Faroe Islands	
Europe	United Kingdom	Northern Ireland	
Europe	United Kingdom	Scotland	
Europe	United Kingdom	United Kingdom	
Europe	United Kingdom	Wales	
Europe	United Kingdom	Wales	Cardiff
North America	Canada	British Columbia	
North America	Canada	Manitoba	
North America	Canada	New Brunswick	
North America	Canada	Newfoundland and Labrador	
North America	Canada	Nova Scotia	
North America	Canada	Ontario	
North America	Canada	Ontario	Toronto
North America	Canada	Quebec	
North America	Costa Rica	Alajuela	
North America	Costa Rica	Alajuela	Alajuela
North America	Costa Rica	Alajuela	Grecia
North America	Costa Rica	Alajuela	Orotina
North America	Costa Rica	Alajuela	San Rafael de Alajuela
North America	Costa Rica	Cartago CR	La Union
North America	Costa Rica	Guanacaste	Nicoya
North America	Costa Rica	Heredia	
North America	Costa Rica	Heredia	San Rafael Heredia
North America	Costa Rica	San Jose	
North America	Costa Rica	San Jose	Aserri
North America	Costa Rica	San Jose	Curridabat
North America	Costa Rica	San Jose	Desamparados
North America	Costa Rica	San Jose	Escazu
North America	Costa Rica	San Jose	Perez Zeledon
North America	Costa Rica	San Jose	San Jose
North America	Costa Rica	San Jose	Santa Ana
North America	Costa Rica	San Jose	Tarrazu
North America	Costa Rica	San Jose	Tibas
North America	Jamaica	Jamaica	
North America	Mexico	Chiapas	
North America	Mexico	Chihuahua	
North America	Mexico	Durango	
North America	Mexico	Durango	Gomez Palacios
North America	Mexico	Estado de Mexico	
North America	Mexico	Gomez Palacios	
North America	Mexico	Guadalajara	
North America	Mexico	Guerrero	
North America	Mexico	Heredia	
North America	Mexico	Jalisco	
North America	Mexico	Mexico	
North America	Mexico	Mexico City	
North America	Mexico	Puebla	
North America	Mexico	Queretaro	
North America	Mexico	Quintana Roo	
North America	Panama	Panama City	
North America	USA	Alabama	
North America	USA	Alaska	
North America	USA	Alaska	Anchorage
North America	USA	Alaska	Fairbanks
North America	USA	Alaska	Interior Alaska
North America	USA	Alaska	Mat-Su
North America	USA	Alaska	Southeast Alaska
North America	USA	Arizona	
North America	USA	Arizona	Maricopa County
North America	USA	Arizona	Phoenix
North America	USA	Arkansas	
North America	USA	California	
North America	USA	California	Alameda County
North America	USA	California	Contra Costa County
North America	USA	California	Davis
North America	USA	California	Grand Princess cruise ship
North America	USA	California	Humboldt County
North America	USA	California	Imperial County
North America	USA	California	Los Angeles County
North America	USA	California	Marin County
North America	USA	California	Monterey County CA
North America	USA	California	Orange County CA
North America	USA	California	Sacramento County
North America	USA	California	San Diego
North America	USA	California	San Diego County
North America	USA	California	San Francisco
North America	USA	California	San Francisco County
North America	USA	California	San Joaquin County
North America	USA	California	San Luis Obispo County
North America	USA	California	San Mateo County
North America	USA	California	Santa Clara County
North America	USA	California	Solano County
North America	USA	California	Ventura County
North America	USA	Colorado	
North America	USA	Colorado	Denver County
North America	USA	Colorado	El Paso County CO
North America	USA	Connecticut	
North America	USA	Connecticut	Beacon Falls
North America	USA	Connecticut	Bethany
North America	USA	Connecticut	Branford
North America	USA	Connecticut	Bridgeport
North America	USA	Connecticut	Bristol
North America	USA	Connecticut	Cheshire
North America	USA	Connecticut	East Haven
North America	USA	Connecticut	Fairfield
North America	USA	Connecticut	Fairfield County CT
North America	USA	Connecticut	Glastonbury
North America	USA	Connecticut	Greenwich
North America	USA	Connecticut	Hamden
North America	USA	Connecticut	Madison CT
North America	USA	Connecticut	Manchester
North America	USA	Connecticut	Meriden
North America	USA	Connecticut	Milford
North America	USA	Connecticut	Mount-Vernon
North America	USA	Connecticut	New Fairfield
North America	USA	Connecticut	New Haven
North America	USA	Connecticut	Newtown
North America	USA	Connecticut	North Haven
North America	USA	Connecticut	North-Branford
North America	USA	Connecticut	Northford
North America	USA	Connecticut	Port Chester
North America	USA	Connecticut	Prospect
North America	USA	Connecticut	Riverside
North America	USA	Connecticut	Seymour
North America	USA	Connecticut	Shelton
North America	USA	Connecticut	Stratford
North America	USA	Connecticut	Trumbull
North America	USA	Connecticut	Wallingford
North America	USA	Connecticut	Waterbury
North America	USA	Connecticut	West Haven
North America	USA	Connecticut	Woodbridge
North America	USA	Connecticut	Yorktown Heights
North America	USA	Diamond Princess	
North America	USA	District of Columbia	
North America	USA	Florida	
North America	USA	Florida	Miami
North America	USA	Florida	Miami-Dade County
North America	USA	Florida	Palm Beach County
North America	USA	Georgia	
North America	USA	Grand Princess	
North America	USA	Grand Princess	Grand Princess Cruise Ship
North America	USA	Grand Princess	Sonoma County
North America	USA	Grand Princess 2nd cruise	
North America	USA	Grand Princess 2nd cruise	Grand Princess Cruise Ship
North America	USA	Hawaii	
North America	USA	Idaho	
North America	USA	Illinois	
North America	USA	Illinois	Chicago
North America	USA	Illinois	Cook County
North America	USA	Illinois	Dupage County
North America	USA	Illinois	Kane County
North America	USA	Illinois	Lake County
North America	USA	Illinois	Mchenry County
North America	USA	Illinois	Winnebago County IL
North America	USA	Indiana	
North America	USA	Indiana	Indianapolis
North America	USA	Iowa	
North America	USA	Iowa	Allamakee County
North America	USA	Iowa	Buchanan County
North America	USA	Iowa	Dubuque County
North America	USA	Iowa	Fayette County
North America	USA	Iowa	Jackson County IA
North America	USA	Iowa	Winneshiek County
North America	USA	Kansas	
North America	USA	Kentucky	
North America	USA	Louisiana	
North America	USA	Louisiana	Assumption Parish
North America	USA	Louisiana	Avondale
North America	USA	Louisiana	Bienville Parish
North America	USA	Louisiana	Bossier Parish
North America	USA	Louisiana	Caddo Parish
North America	USA	Louisiana	Chalmette
North America	USA	Louisiana	DeSoto Parish
North America	USA	Louisiana	Delacroix
North America	USA	Louisiana	East Baton Rouge Parish
North America	USA	Louisiana	East Feliciana Parish
North America	USA	Louisiana	Gheens
North America	USA	Louisiana	Grant Parish
North America	USA	Louisiana	Gray
North America	USA	Louisiana	Hammond
North America	USA	Louisiana	Houma
North America	USA	Louisiana	Iberville Parish
North America	USA	Louisiana	Jefferson Parish
North America	USA	Louisiana	Kenner
North America	USA	Louisiana	Killona
North America	USA	Louisiana	Lacombe
North America	USA	Louisiana	Livingston Parish
North America	USA	Louisiana	Lockport
North America	USA	Louisiana	Luling
North America	USA	Louisiana	Maringouin
North America	USA	Louisiana	Marrero
North America	USA	Louisiana	Metairie
North America	USA	Louisiana	Morehouse Parish
North America	USA	Louisiana	Napoleonville
North America	USA	Louisiana	New Orleans
North America	USA	Louisiana	Raceland
North America	USA	Louisiana	Rapides Parish
North America	USA	Louisiana	Saint Rose
North America	USA	Louisiana	Slidell
North America	USA	Louisiana	St Bernard Parish
North America	USA	Louisiana	St Tammany Parish
North America	USA	Louisiana	Tensas Parish
North America	USA	Louisiana	Thibodaux
North America	USA	Louisiana	Violet
North America	USA	Louisiana	Webster Parish
North America	USA	Maryland	
North America	USA	Massachusetts	
North America	USA	Massachusetts	Boston
North America	USA	Massachusetts	Middlesex County
North America	USA	Massachusetts	Norfolk County
North America	USA	Michigan	
North America	USA	Minnesota	
North America	USA	Minnesota	Fillmore County
North America	USA	Minnesota	Houston County
North America	USA	Minnesota	Stearns County
North America	USA	Minnesota	Wabasha County
North America	USA	Minnesota	Winona County
North America	USA	Missouri	
North America	USA	Missouri	St. Louis MO
North America	USA	Montana	
North America	USA	Nebraska	
North America	USA	Nevada	
North America	USA	New Hampshire	
North America	USA	New Jersey	
North America	USA	New Jersey	Bergen County
North America	USA	New Jersey	Camden County
North America	USA	New Jersey	Essex County
North America	USA	New Jersey	Hudson County
North America	USA	New Mexico	
North America	USA	New York	
North America	USA	New York	Albany County
North America	USA	New York	Bronx
North America	USA	New York	Brooklyn
North America	USA	New York	Broome County
North America	USA	New York	Cayuga County
North America	USA	New York	Chenango County
North America	USA	New York	Clinton County
North America	USA	New York	Dutchess County
North America	USA	New York	Franklin County NY
North America	USA	New York	Jefferson County NY
North America	USA	New York	Manhattan
North America	USA	New York	Montgomery County NY
North America	USA	New York	Nassau County
North America	USA	New York	New Rochelle
North America	USA	New York	New York City
North America	USA	New York	Onondaga County
North America	USA	New York	Orange County NY
North America	USA	New York	Passaic County
North America	USA	New York	Putnam County
North America	USA	New York	Queens
North America	USA	New York	Richmond County
North America	USA	New York	Rockland County
North America	USA	New York	Saratoga County
North America	USA	New York	Schenectady County
North America	USA	New York	Staten Island
North America	USA	New York	Suffolk County
North America	USA	New York	Ulster County
North America	USA	New York	Washington County NY
North America	USA	New York	Westchester County
North America	USA	North Carolina	
North America	USA	Ohio	
North America	USA	Ohio	Cincinnati
North America	USA	Ohio	Columbus OH
North America	USA	Oklahoma	
North America	USA	Oregon	
North America	USA	Oregon	Columbia County OR
North America	USA	Oregon	Marion County
North America	USA	Oregon	Multnomah County
North America	USA	Oregon	Wasco County
North America	USA	Oregon	Washington County OR
North America	USA	Pennsylvania	
North America	USA	Pennsylvania	Montgomery County PA
North America	USA	Pennsylvania	Pittsburgh
North America	USA	Puerto Rico	
North America	USA	Rhode Island	
North America	USA	San Jose	
North America	USA	South Carolina	
North America	USA	South Carolina	Berkeley County
North America	USA	South Carolina	Fairfield County SC
North America	USA	South Carolina	Richland County SC
North America	USA	Tennessee	
North America	USA	Texas	
North America	USA	Texas	Greater Houston Area
North America	USA	Texas	Houston
North America	USA	Texas	Panola County
North America	USA	USA	
North America	USA	Utah	
North America	USA	Vermont	
North America	USA	Virgin Islands	
North America	USA	Virginia	
North America	USA	Washington	
North America	USA	Washington	Adams County WA
North America	USA	Washington	Asotin County
North America	USA	Washington	Benton County
North America	USA	Washington	Clark County
North America	USA	Washington	Cowlitz County
North America	USA	Washington	Douglas County
North America	USA	Washington	Franklin County WA
North America	USA	Washington	Grant County WA
North America	USA	Washington	Jefferson County WA
North America	USA	Washington	King County
North America	USA	Washington	Kirkland
North America	USA	Washington	Kittitas County
North America	USA	Washington	Mason County
North America	USA	Washington	Pierce County
North America	USA	Washington	Seattle
North America	USA	Washington	Skagit County
North America	USA	Washington	Snohomish County
North America	USA	Washington	Spokane County
North America	USA	Washington	Thurston County
North America	USA	Washington	Umatilla County
North America	USA	Washington	Whatcom County
North America	USA	Washington	Yakima County
North America	USA	Washington DC	
North America	USA	Wisconsin	
North America	USA	Wisconsin	Adams County WI
North America	USA	Wisconsin	Bayside
North America	USA	Wisconsin	Belleville
North America	USA	Wisconsin	Beloit
North America	USA	Wisconsin	Blanchardville
North America	USA	Wisconsin	Brookfield
North America	USA	Wisconsin	Brooklyn WI
North America	USA	Wisconsin	Brown County WI
North America	USA	Wisconsin	Brown Deer
North America	USA	Wisconsin	Campbellsport
North America	USA	Wisconsin	Chippewa County WI
North America	USA	Wisconsin	Chippewa Falls
North America	USA	Wisconsin	Colorado Springs
North America	USA	Wisconsin	Columbia County
North America	USA	Wisconsin	Columbia County WI
North America	USA	Wisconsin	Columbus WI
North America	USA	Wisconsin	Cottage Grove
North America	USA	Wisconsin	Crawford County
North America	USA	Wisconsin	Cross Plains
North America	USA	Wisconsin	Cudahy
North America	USA	Wisconsin	Dane County
North America	USA	Wisconsin	Deforest
North America	USA	Wisconsin	Dodge County
North America	USA	Wisconsin	Door County
North America	USA	Wisconsin	Elm Grove
North America	USA	Wisconsin	Fitchburg
North America	USA	Wisconsin	Fond Du Lac County
North America	USA	Wisconsin	Franklin
North America	USA	Wisconsin	Glendale
North America	USA	Wisconsin	Grafton
North America	USA	Wisconsin	Grant County WI
North America	USA	Wisconsin	Greater Milwaukee Area
North America	USA	Wisconsin	Green County
North America	USA	Wisconsin	Greenfield
North America	USA	Wisconsin	Hartford
North America	USA	Wisconsin	Hillpoint
North America	USA	Wisconsin	Holy Cross
North America	USA	Wisconsin	Jackson
North America	USA	Wisconsin	Jackson County WI
North America	USA	Wisconsin	Janesville
North America	USA	Wisconsin	Jefferson County WI
North America	USA	Wisconsin	Juneau County
North America	USA	Wisconsin	La Crosse County
North America	USA	Wisconsin	Lafayette County
North America	USA	Wisconsin	Madison
North America	USA	Wisconsin	Manitowoc County
North America	USA	Wisconsin	Marshall
North America	USA	Wisconsin	Mequon
North America	USA	Wisconsin	Middleton
North America	USA	Wisconsin	Milwaukee County
North America	USA	Wisconsin	Monona
North America	USA	Wisconsin	Monroe County
North America	USA	Wisconsin	Mount Horeb
North America	USA	Wisconsin	Muscoda
North America	USA	Wisconsin	New Berlin
North America	USA	Wisconsin	Oak Creek
North America	USA	Wisconsin	Oregon WI
North America	USA	Wisconsin	Outagamie County
North America	USA	Wisconsin	Ozaukee County
North America	USA	Wisconsin	Pewaukee
North America	USA	Wisconsin	Port Washington
North America	USA	Wisconsin	Racine
North America	USA	Wisconsin	Racine County
North America	USA	Wisconsin	Richland Center
North America	USA	Wisconsin	Richland County WI
North America	USA	Wisconsin	River Hills
North America	USA	Wisconsin	Rock County
North America	USA	Wisconsin	Sauk County
North America	USA	Wisconsin	Saukville
North America	USA	Wisconsin	Sheboygan County
North America	USA	Wisconsin	Slinger
North America	USA	Wisconsin	South Milwaukee
North America	USA	Wisconsin	Spring Green
North America	USA	Wisconsin	Stoughton
North America	USA	Wisconsin	Sun Prarie
North America	USA	Wisconsin	Thiensville
North America	USA	Wisconsin	Tomah
North America	USA	Wisconsin	Trempealeau County
North America	USA	Wisconsin	Vernon County
North America	USA	Wisconsin	Verona WI
North America	USA	Wisconsin	Washington County WI
North America	USA	Wisconsin	Waukesha County
North America	USA	Wisconsin	Waunakee
North America	USA	Wisconsin	Waupaca County
North America	USA	Wisconsin	Wauwatosa
North America	USA	Wisconsin	Whitefish Bay
North America	USA	Wisconsin	Winnebago County WI
North America	USA	Wyoming	
Oceania	Australia	Australia	
Oceania	Australia	New South Wales	
Oceania	Australia	New South Wales	Sydney
Oceania	Australia	New South Wales	Tweed Heads
Oceania	Australia	Northern Territory	
Oceania	Australia	Queensland	
Oceania	Australia	Queensland	Brisbane
Oceania	Australia	Queensland	Cairns
Oceania	Australia	Queensland	Gold Coast
Oceania	Australia	Queensland	Northern Queensland
Oceania	Australia	Queensland	Rockhampton
Oceania	Australia	Queensland	Southeast Queensland
Oceania	Australia	Queensland	Sunshine Coast
Oceania	Australia	South Australia	
Oceania	Australia	Victoria	
Oceania	Australia	Victoria	Clayton
Oceania	Australia	Victoria	Melbourne
Oceania	Australia	Western Australia	
Oceania	Australia	Western Australia	Perth
Oceania	Guam	Guam	
Oceania	New Zealand	Auckland	
Oceania	New Zealand	Auckland	Auckland
Oceania	New Zealand	Bay of Plenty	
Oceania	New Zealand	Canterbury	
Oceania	New Zealand	Combined Wellington	
Oceania	New Zealand	Counties Manukau	
Oceania	New Zealand	Lakes	
Oceania	New Zealand	Midcentral	
Oceania	New Zealand	Nelson Marlborough	
Oceania	New Zealand	New Zealand	
Oceania	New Zealand	Otago	
Oceania	New Zealand	Southern	
Oceania	New Zealand	Waikato	
Oceania	New Zealand	Wairarapa	
Oceania	New Zealand	Waitemata	
Oceania	New Zealand	Wellington	
South America	Argentina	Argentina	
South America	Argentina	Buenos Aires	
South America	Argentina	Buenos Aires	Bahia Blanca
South America	Argentina	Buenos Aires	Lomas de Zamora
South America	Argentina	Buenos Aires	Quilmes
South America	Argentina	Ciudad Autonoma de Buenos Aires	
South America	Argentina	Rio Negro	
South America	Argentina	Rio Negro	San Carlos de Bariloche
South America	Argentina	Tucuman	
South America	Brazil	Acre	
South America	Brazil	Alagoas	
South America	Brazil	Alagoas	Maceio
South America	Brazil	Amapa	
South America	Brazil	Amazonas	
South America	Brazil	Amazonas	Manaus
South America	Brazil	Bahia	
South America	Brazil	Bahia	Feira de Santana
South America	Brazil	Brazil	
South America	Brazil	Ceará	
South America	Brazil	Distrito Federal	
South America	Brazil	Distrito Federal	Brasilia
South America	Brazil	Espirito Santo	
South America	Brazil	Espirito Santo	Vila Velha
South America	Brazil	Goiais	
South America	Brazil	Goiás	
South America	Brazil	Maranhão	
South America	Brazil	Mato Grosso	
South America	Brazil	Minas Gerais	
South America	Brazil	Para	
South America	Brazil	Paraná	
South America	Brazil	Pernambuco	
South America	Brazil	Piaui	
South America	Brazil	Rio Grande do Norte	
South America	Brazil	Rio Grande do Sul	
South America	Brazil	Rio de Janeiro	
South America	Brazil	Rio de Janeiro	Belford Roxo
South America	Brazil	Rio de Janeiro	Duque de Caxias
South America	Brazil	Rio de Janeiro	Itaborai
South America	Brazil	Rio de Janeiro	Niteroi
South America	Brazil	Rio de Janeiro	Nova Iguacu
South America	Brazil	Rio de Janeiro	Petropolis
South America	Brazil	Rio de Janeiro	Queimados
South America	Brazil	Rio de Janeiro	Rio de Janeiro
South America	Brazil	Rio de Janeiro	Teresopolis
South America	Brazil	Santa Catarina	
South America	Brazil	Santa Catarina	Florianopolis
South America	Brazil	Santa Catarina	Joinville
South America	Brazil	Sao Paulo	
South America	Brazil	Sergipe	
South America	Brazil	São Paulo	
South America	Brazil	São Paulo	Barueri
South America	Brazil	São Paulo	Caieiras
South America	Brazil	São Paulo	Diadema
South America	Brazil	São Paulo	Hortolandia
South America	Brazil	São Paulo	Itapecerica Da Serra
South America	Brazil	São Paulo	Maua
South America	Brazil	São Paulo	Mogi Das Cruzes
South America	Brazil	São Paulo	Osasco
South America	Brazil	São Paulo	Presidente Venceslau
South America	Brazil	São Paulo	Rio Claro
South America	Brazil	São Paulo	Sao Bernardo do Campo
South America	Brazil	São Paulo	São Paulo
South America	Chile	Antofagasta	
South America	Chile	Chile	
South America	Chile	Chillan	
South America	Chile	Chillan	Chillan
South America	Chile	Concepcion	
South America	Chile	Copiapo	
South America	Chile	Copiapo	Copiapo
South America	Chile	Coyhaique	
South America	Chile	Huasco	
South America	Chile	Huasco	Huasco
South America	Chile	Puerto Montt	
South America	Chile	Puerto Natales	
South America	Chile	Punta Arenas	
South America	Chile	Rancagua	
South America	Chile	Santiago	
South America	Chile	Santiago	Santiago
South America	Chile	Talca	
South America	Chile	Temuco	
South America	Chile	Valparaiso	
South America	Chile	Vina del Mar	
South America	Colombia	Antioquia	
South America	Colombia	Antioquia	Bello
South America	Colombia	Antioquia	Envigado
South America	Colombia	Antioquia	Itagui
South America	Colombia	Antioquia	Medellin
South America	Colombia	Antioquia	Sabaneta
South America	Colombia	Atlantico	
South America	Colombia	Atlantico	Barranquilla
South America	Colombia	Bogota	
South America	Colombia	Bolivar	
South America	Colombia	Bolivar	Cartagena
South America	Colombia	Boyaca	
South America	Colombia	Boyaca	Santa Sofia
South America	Colombia	Boyaca	Santana
South America	Colombia	Boyaca	Togui
South America	Colombia	Caldas	
South America	Colombia	Caldas	Anserma
South America	Colombia	Caldas	Manizales
South America	Colombia	Cartago CO	
South America	Colombia	Cauca	
South America	Colombia	Cauca	Popayan
South America	Colombia	Cesar	
South America	Colombia	Cesar	Valledupar
South America	Colombia	Choco	
South America	Colombia	Choco	Quibdo
South America	Colombia	Colombia	
South America	Colombia	Cordoba	
South America	Colombia	Cordoba	Monteria
South America	Colombia	Cordoba	Tierralta
South America	Colombia	Cundinamarca	
South America	Colombia	Cundinamarca	Cajica
South America	Colombia	Cundinamarca	Choconta
South America	Colombia	Cundinamarca	Funza
South America	Colombia	Cundinamarca	Madrid CO
South America	Colombia	Cundinamarca	Pacho
South America	Colombia	Cundinamarca	Soacha
South America	Colombia	Cundinamarca	Zipaquira
South America	Colombia	Departamento de Amazonas	
South America	Colombia	Departamento de Amazonas	Leticia
South America	Colombia	Huila	
South America	Colombia	Huila	Neiva
South America	Colombia	Magdalena	
South America	Colombia	Magdalena	Cienaga
South America	Colombia	Magdalena	Santa Marta
South America	Colombia	Meta	
South America	Colombia	Meta	Villavicencio
South America	Colombia	Narino	
South America	Colombia	Narino	Ipiales
South America	Colombia	Narino	Tumaco
South America	Colombia	Norte de Santander	
South America	Colombia	Norte de Santander	Cucuta
South America	Colombia	Quindio	
South America	Colombia	Quindio	Armenia
South America	Colombia	Risaralda	
South America	Colombia	Risaralda	Dosquebradas
South America	Colombia	Risaralda	Pereira
South America	Colombia	Santander	
South America	Colombia	Santander	Barrancabermeja
South America	Colombia	Santander	Bucaramanga
South America	Colombia	Tolima	
South America	Colombia	Tolima	Ibague
South America	Colombia	Valle del Cauca	
South America	Colombia	Valle del Cauca	Andalucia
South America	Colombia	Valle del Cauca	Buga
South America	Colombia	Valle del Cauca	Cali
South America	Colombia	Valle del Cauca	El Cerrito
South America	Colombia	Valle del Cauca	Jamundi
South America	Colombia	Valle del Cauca	Palmira
South America	Colombia	Valle del Cauca	Trujillo
South America	Colombia	Valle del Cauca	Tulua
South America	Colombia	Valle del Cauca	Yumbo
South America	Ecuador	Carchi	
South America	Ecuador	Chimborazo	
South America	Ecuador	Chimborazo	Riobamba
South America	Ecuador	Galapagos	
South America	Ecuador	Galapagos	Puerto Baquerizo Moreno
South America	Ecuador	Guayas	
South America	Ecuador	Guayas	General Villamil Playas
South America	Ecuador	Guayas	Guayaquil
South America	Ecuador	Guayas	San Jacinto de Yaguachi
South America	Ecuador	Daule	
South America	Ecuador	Imbabura	
South America	Ecuador	Imbabura	Ibarra
South America	Ecuador	Imbabura	Urcuqui
South America	Ecuador	Los Rios	
South America	Ecuador	Los Rios	Babahoyo
South America	Ecuador	Los Rios	Ventanas
South America	Ecuador	Manabi	
South America	Ecuador	Manabi	Calceta
South America	Ecuador	Manabi	Jipijapa
South America	Ecuador	Manabi	Manta
South America	Ecuador	Manabi	Pajan
South America	Ecuador	Manabi	Portoviejo
South America	Ecuador	Manabi	Puerto Lopez
South America	Ecuador	Manabi	Sucre
South America	Ecuador	Orellana	
South America	Ecuador	Pichincha	
South America	Ecuador	Pichincha	Cayambe
South America	Ecuador	Quito	
South America	Ecuador	Santa Elena	
South America	Peru	Arequipa	
South America	Peru	Huanuco	
South America	Peru	Ica	
South America	Peru	Lambayeque	
South America	Peru	Lima	
South America	Peru	Peru	
South America	South America	South America	
South America	Uruguay	Maldonado	
South America	Uruguay	Montevideo	
South America	Uruguay	Rivera	
South America	Uruguay	Uruguay	
South America	Venezuela	Venezuela	
